insert into TM_USER (id, createtime, createuser, del, enabled, remark, updatetime, updateuser, version, age, chname, email, enname, password, sex, telphone, username, no) values ('40288f7e5493ca70015493caadcf0002', '2016/06/09 12:33:34', 'admin', 0, 1, null, null, null, null, 34, '陈寄洲', null, 'admin', 'C4CA4238A0B923820DCC509A6F75849B', 1, null, 'admin', 'U00001');
insert into TS_MODULE (id, createtime, createuser, del, enabled, remark, updatetime, updateuser, version, classname, leaf, icon, name, parentid, sort) values ('30288f7e5493c554015493c596b80000', '2016/05/09 12:28:00', 'admin', 0, 1, null, null, null, null, null, 0, 'root-menu', '应用菜单', null, 0);
insert into TS_MODULE (id, createtime, createuser, del, enabled, remark, updatetime, updateuser, version, classname, leaf, icon, name, parentid, sort) values ('40288f7e5493c554015493c596db0002', '2016/05/09 12:28:00', 'admin', 0, 1, null, null, null, null, null, 0, 'set-menu', '系统管理', '30288f7e5493c554015493c596b80000', 1);
insert into TS_MODULE (id, createtime, createuser, del, enabled, remark, updatetime, updateuser, version, classname, leaf, icon, name, parentid, sort) values ('40288f7e5493c554015493c596b80000', '2016/05/09 12:28:00', 'admin', 0, 1, null, null, null, null, null, 0, 'master-menu', '主档管理', '30288f7e5493c554015493c596b80000', 2);
insert into TS_MODULE (id, createtime, createuser, del, enabled, remark, updatetime, updateuser, version, classname, leaf, icon, name, parentid, sort) values ('40288f7e5493c554015493c596db0003', '2016/05/09 12:28:00', 'admin', 0, 1, null, '2016/07/13 12:43:42', 'admin', null, 'WebApp.view.module.Main', 1, 'module-menu', '模块管理', '40288f7e5493c554015493c596db0002', 11);
insert into TS_MODULE (id, createtime, createuser, del, enabled, remark, updatetime, updateuser, version, classname, leaf, icon, name, parentid, sort) values ('40288f7e5493c554015493c596db0005', '2016/05/09 12:28:00', 'admin', 0, 1, null, '2016/07/13 12:43:42', 'admin', null, 'WebApp.view.serialnumber.Main', 1, 'serialnumber-menu', '编码管理', '40288f7e5493c554015493c596db0002', 12);
insert into TS_MODULE (id, createtime, createuser, del, enabled, remark, updatetime, updateuser, version, classname, leaf, icon, name, parentid, sort) values ('40288f7b560b770201560b7896130000', '2016/07/21 11:20:25', 'admin', 0, 1, null, null, null, null, 'WebApp.view.role.Main', 1,  'role-menu','角色管理', '40288f7e5493c554015493c596db0002', 13);
insert into TS_MODULE (id, createtime, createuser, del, enabled, remark, updatetime, updateuser, version, classname, leaf, icon, name, parentid, sort) values ('40288f7e5493c554015493c596db0001', '2016/05/09 12:28:00', 'admin', 0, 1, null, null, null, null, 'WebApp.view.user.Main', 1,'user-menu', '用户管理', '40288f7e5493c554015493c596db0002', 14);
insert into TS_MODULE (id, createtime, createuser, del, enabled, remark, updatetime, updateuser, version, classname, leaf, icon, name, parentid, sort) values ('40288f7b55e20b8c0155e3738695000e', '2016/07/13 16:50:27', 'admin', 0, 1, null, '2016/07/20 14:23:14', 'admin', null, 'WebApp.view.authority.Main', 1, 'authority-menu','权限管理', '40288f7e5493c554015493c596db0002', 15);
insert into TS_MODULE (id, createtime, createuser, del, enabled, remark, updatetime, updateuser, version, classname, leaf, icon, name, parentid, sort) values ('2c90820157790f6c01577911dcbd0009', '2016/05/09 12:28:00', 'admin', 0, 1, null, '2016/09/30 11:41:37', 'admin', null, 'WebApp.view.log.Main', 1, 'log-menu', '日志管理', '40288f7e5493c554015493c596db0002', 17);
insert into TS_MODULE (id, createtime, createuser, del, enabled, remark, updatetime, updateuser, version, classname, leaf, icon, name, parentid, sort) values ('40288f7e5493c554015493c596db0004', '2016/05/09 12:28:00', 'admin', 0, 1, null, '2016/07/13 12:43:42', 'admin', null, 'WebApp.view.lodop.Main', 1, null, '打印管理', '40288f7e5493c554015493c596db0002', 16);
insert into TS_FUN (id, createtime, createuser, del, enabled, remark, updatetime, updateuser, version, name, ts_module_id, icon, scale, sort, click, url, enabletoggle) values ('40288f7e5493c554015493c5b28b0005', '2016/05/09 12:28:07', 'admin', 0, 1, null, null, null, null, '新增', '40288f7e5493c554015493c596db0001', 'add-button', 'large', 1, 'onAdd', null, 0);
insert into TS_FUN (id, createtime, createuser, del, enabled, remark, updatetime, updateuser, version, name, ts_module_id, icon, scale, sort, click, url, enabletoggle) values ('40288f7e5493c554015493c5b28c0006', '2016/05/09 12:28:07', 'admin', 0, 1, null, null, null, null, '删除', '40288f7e5493c554015493c596db0001', 'delete-button', 'large', 2, 'onDel', null, 0);
insert into TS_FUN (id, createtime, createuser, del, enabled, remark, updatetime, updateuser, version, name, ts_module_id, icon, scale, sort, click, url, enabletoggle) values ('40288f7e5493c554015493c5b28c0007', '2016/05/09 12:28:07', 'admin', 0, 1, null, null, null, null, '修改', '40288f7e5493c554015493c596db0001', 'edit-button', 'large', 3, 'onEdit', null, 1);
insert into TS_FUN (id, createtime, createuser, del, enabled, remark, updatetime, updateuser, version, name, ts_module_id, icon, scale, sort, click, url, enabletoggle) values ('40288f7e5493c554015493c5b28c0008', '2016/05/09 12:28:07', 'admin', 0, 1, null, null, null, null, '保存', '40288f7e5493c554015493c596db0001', 'save-button', 'large', 4, 'onSave', 'save_user', 0);
insert into TS_FUN (id, createtime, createuser, del, enabled, remark, updatetime, updateuser, version, name, ts_module_id, icon, scale, sort, click, url, enabletoggle) values ('40288f7e5493c554015493c5b28f0009', '2016/05/09 12:28:07', 'admin', 0, 1, null, null, null, null, '查询', '40288f7e5493c554015493c596db0001', 'query-button', 'large', 5, 'onQuery', 'find_user', 0);
insert into TS_FUN (id, createtime, createuser, del, enabled, remark, updatetime, updateuser, version, name, ts_module_id, icon, scale, sort, click, url, enabletoggle) values ('40288f7e5493c554015493c5b28d000a', '2016/05/09 12:28:07', 'admin', 0, 1, null, null, null, null, '重置', '40288f7e5493c554015493c596db0001', 'refresh-button', 'large', 6, 'onReset', null, 0);
insert into TS_FUN (id, createtime, createuser, del, enabled, remark, updatetime, updateuser, version, name, ts_module_id, icon, scale, sort, click, url, enabletoggle) values ('40288f7e5493c554015493c5b28c000b', '2016/05/09 12:28:07', 'admin', 0, 1, null, null, null, null, '导入', '40288f7e5493c554015493c596db0001', 'imp-button', 'large', 7, 'onImp', null, 0);
insert into TS_FUN (id, createtime, createuser, del, enabled, remark, updatetime, updateuser, version, name, ts_module_id, icon, scale, sort, click, url, enabletoggle) values ('40288f7e5493c554015493c5b28d000c', '2016/05/09 12:28:07', 'admin', 0, 1, null, null, null, null, '导出', '40288f7e5493c554015493c596db0001', 'exp-button', 'large', 8, 'onExp', null, 0);
insert into TS_FUN (id, createtime, createuser, del, enabled, remark, updatetime, updateuser, version, name, ts_module_id, icon, scale, sort, click, url, enabletoggle) values ('40288f7e5493c554015493c5b28d000d', '2016/05/09 12:28:07', 'admin', 0, 1, null, null, null, null, '打印', '40288f7e5493c554015493c596db0001', 'print-button', 'large', 9, 'onPrint', null, 0);
insert into TS_FUN (id, createtime, createuser, del, enabled, remark, updatetime, updateuser, version, name, ts_module_id, icon, scale, sort, click, url, enabletoggle) values ('40288f7e5493c554015493c5b28b000e', '2016/05/09 12:28:07', 'admin', 0, 1, null, null, null, null, '新增', '40288f7e5493c554015493c596db0003', 'add-button', 'large', 1, 'onAdd', null, 0);
insert into TS_FUN (id, createtime, createuser, del, enabled, remark, updatetime, updateuser, version, name, ts_module_id, icon, scale, sort, click, url, enabletoggle) values ('40288f7e5493c554015493c5b28c0010', '2016/05/09 12:28:07', 'admin', 0, 1, null, null, null, null, '删除', '40288f7e5493c554015493c596db0003', 'delete-button', 'large', 2, 'onDel', null, 0);
insert into TS_FUN (id, createtime, createuser, del, enabled, remark, updatetime, updateuser, version, name, ts_module_id, icon, scale, sort, click, url, enabletoggle) values ('40288f7e5493c554015493c5b28c0011', '2016/05/09 12:28:07', 'admin', 0, 1, null, null, null, null, '修改', '40288f7e5493c554015493c596db0003', 'edit-button', 'large', 3, 'onEdit', null, 1);
insert into TS_FUN (id, createtime, createuser, del, enabled, remark, updatetime, updateuser, version, name, ts_module_id, icon, scale, sort, click, url, enabletoggle) values ('40288f7e5493c554015493c5b28c0012', '2016/05/09 12:28:07', 'admin', 0, 1, null, null, null, null, '保存', '40288f7e5493c554015493c596db0003', 'save-button', 'large', 4, 'onSave', 'save_module', 0);
insert into TS_FUN (id, createtime, createuser, del, enabled, remark, updatetime, updateuser, version, name, ts_module_id, icon, scale, sort, click, url, enabletoggle) values ('40288f7e5493c554015493c5b28f0013', '2016/05/09 12:28:07', 'admin', 0, 1, null, null, null, null, '查询', '40288f7e5493c554015493c596db0003', 'query-button', 'large', 5, 'onQuery', 'get_root', 0);
insert into TS_FUN (id, createtime, createuser, del, enabled, remark, updatetime, updateuser, version, name, ts_module_id, icon, scale, sort, click, url, enabletoggle) values ('40288f7e5493c554015493c5b28d0014', '2016/05/09 12:28:07', 'admin', 0, 1, null, null, null, null, '重置', '40288f7e5493c554015493c596db0003', 'refresh-button', 'large', 6, 'onReset', null, 0);
insert into TS_FUN (id, createtime, createuser, del, enabled, remark, updatetime, updateuser, version, name, ts_module_id, icon, scale, sort, click, url, enabletoggle) values ('40288f7e5493c554015493c5b28c0015', '2016/05/09 12:28:07', 'admin', 0, 1, null, null, null, null, '导入', '40288f7e5493c554015493c596db0003', 'imp-button', 'large', 7, 'onImp', null, 0);
insert into TS_FUN (id, createtime, createuser, del, enabled, remark, updatetime, updateuser, version, name, ts_module_id, icon, scale, sort, click, url, enabletoggle) values ('40288f7e5493c554015493c5b28d0016', '2016/05/09 12:28:07', 'admin', 0, 1, null, null, null, null, '导出', '40288f7e5493c554015493c596db0003', 'exp-button', 'large', 8, 'onExp', null, 0);
insert into TS_FUN (id, createtime, createuser, del, enabled, remark, updatetime, updateuser, version, name, ts_module_id, icon, scale, sort, click, url, enabletoggle) values ('40288f7e5493c554015493c5b28d0017', '2016/05/09 12:28:07', 'admin', 0, 1, null, null, null, null, '打印', '40288f7e5493c554015493c596db0003', 'print-button', 'large', 9, 'onPrint', null, 0);
insert into TS_FUN (id, createtime, createuser, del, enabled, remark, updatetime, updateuser, version, name, ts_module_id, icon, scale, sort, click, url, enabletoggle) values ('40288f7e5493c554015493c5b28b0018', '2016/05/09 12:28:07', 'admin', 0, 1, null, null, null, null, '新增', '40288f7e5493c554015493c596db0004', 'add-button', 'large', 1, 'onAdd', null, 0);
insert into TS_FUN (id, createtime, createuser, del, enabled, remark, updatetime, updateuser, version, name, ts_module_id, icon, scale, sort, click, url, enabletoggle) values ('40288f7e5493c554015493c5b28c001a', '2016/05/09 12:28:07', 'admin', 0, 1, null, null, null, null, '修改', '40288f7e5493c554015493c596db0004', 'edit-button', 'large', 2, 'onEdit', null, 1);
insert into TS_FUN (id, createtime, createuser, del, enabled, remark, updatetime, updateuser, version, name, ts_module_id, icon, scale, sort, click, url, enabletoggle) values ('40288f7e5493c554015493c5b28c001b', '2016/05/09 12:28:07', 'admin', 0, 1, null, null, null, null, '保存', '40288f7e5493c554015493c596db0004', 'save-button', 'large', 3, 'onSave', null, 0);
insert into TS_FUN (id, createtime, createuser, del, enabled, remark, updatetime, updateuser, version, name, ts_module_id, icon, scale, sort, click, url, enabletoggle) values ('40288f7e5493c554015493c5b28f001c', '2016/05/09 12:28:07', 'admin', 0, 1, null, null, null, null, '查询', '40288f7e5493c554015493c596db0004', 'query-button', 'large', 4, 'onQuery', null, 0);
insert into TS_FUN (id, createtime, createuser, del, enabled, remark, updatetime, updateuser, version, name, ts_module_id, icon, scale, sort, click, url, enabletoggle) values ('40288f7e5493c554015493c5b28d001d', '2016/05/09 12:28:07', 'admin', 0, 1, null, null, null, null, '重置', '40288f7e5493c554015493c596db0004', 'refresh-button', 'large', 5, 'onReset', null, 0);
insert into TS_FUN (id, createtime, createuser, del, enabled, remark, updatetime, updateuser, version, name, ts_module_id, icon, scale, sort, click, url, enabletoggle) values ('40288f7e5493c554015493c5b28d001e', '2016/05/09 12:28:07', 'admin', 0, 1, null, null, null, null, '打印', '40288f7e5493c554015493c596db0004', 'print-button', 'large', 6, 'onPrint', null, 0);
insert into TS_FUN (id, createtime, createuser, del, enabled, remark, updatetime, updateuser, version, name, ts_module_id, icon, scale, sort, click, url, enabletoggle) values ('40288f7e5493c554015493c5b28b001f', '2016/05/09 12:28:07', 'admin', 0, 1, null, null, null, null, '新增', '40288f7e5493c554015493c596db0005', 'add-button', 'large', 0, 'onAdd', null, 0);
insert into TS_FUN (id, createtime, createuser, del, enabled, remark, updatetime, updateuser, version, click, enabletoggle, icon, name, scale, sort, url, ts_module_id) values ('40288f7b561031f5015610399d5f0001', '2016/07/22 09:29:45', 'admin', 0, 1, null, '2016/07/22 09:30:47', 'admin', null, 'onDel', 0, ' delete-button', '删除', 'large', 1, null, '40288f7e5493c554015493c596db0005');
insert into TS_FUN (id, createtime, createuser, del, enabled, remark, updatetime, updateuser, version, name, ts_module_id, icon, scale, sort, click, url, enabletoggle) values ('40288f7e5493c554015493c5b28c0102', '2016/05/09 12:28:07', 'admin', 0, 1, null, null, null, null, '修改', '40288f7e5493c554015493c596db0005', 'edit-button', 'large', 2, 'onEdit', null, 1);
insert into TS_FUN (id, createtime, createuser, del, enabled, remark, updatetime, updateuser, version, name, ts_module_id, icon, scale, sort, click, url, enabletoggle) values ('40288f7e5493c554015493c5b28c0100', '2016/05/09 12:28:07', 'admin', 0, 1, null, null, null, null, '保存', '40288f7e5493c554015493c596db0005', 'save-button', 'large', 3, 'onSave', 'save_serialNumber', 0);
insert into TS_FUN (id, createtime, createuser, del, enabled, remark, updatetime, updateuser, version, name, ts_module_id, icon, scale, sort, click, url, enabletoggle) values ('40288f7e5493c554015493c5b28f0101', '2016/05/09 12:28:07', 'admin', 0, 1, null, null, null, null, '查询', '40288f7e5493c554015493c596db0005', 'query-button', 'large', 4, 'onQuery', 'find_serialNumber', 0);
insert into TS_FUN (id, createtime, createuser, del, enabled, remark, updatetime, updateuser, version, click, enabletoggle, icon, name, scale, sort, url, ts_module_id) values ('40288f7b56071e3301560726193e0000', '2016/07/20 15:10:40', 'admin', 0, 1, null, null, null, null, 'onQuery', 0, 'query-button', '查询', 'large', 0, null, '40288f7b55e20b8c0155e3738695000e');
insert into TS_FUN (id, createtime, createuser, del, enabled, remark, updatetime, updateuser, version, click, enabletoggle, icon, name, scale, sort, url, ts_module_id) values ('40288f7b560b7b2f01560b7c249d0000', '2016/07/21 11:24:06', 'admin', 0, 1, null, '2016/07/21 13:38:16', 'admin', null, 'onQuery', 0, 'query-button', '查询', 'large', 4, 'find_role', '40288f7b560b770201560b7896130000');
insert into TS_FUN (id, createtime, createuser, del, enabled, remark, updatetime, updateuser, version, click, enabletoggle, icon, name, scale, sort, url, ts_module_id) values ('40288f7b560bf49301560bf4ae900000', '2016/07/21 13:28:07', 'admin', 0, 1, null, null, null, null, 'onDel', 0, 'delete-button', '删除', 'large', 1, null, '40288f7b560b770201560b7896130000');
insert into TS_FUN (id, createtime, createuser, del, enabled, remark, updatetime, updateuser, version, click, enabletoggle, icon, name, scale, sort, url, ts_module_id) values ('40288f7b560bf49301560bf4aeb80001', '2016/07/21 13:28:07', 'admin', 0, 1, null, null, null, null, 'onEdit', 1, 'edit-button', '编辑', 'large', 2, null, '40288f7b560b770201560b7896130000');
insert into TS_FUN (id, createtime, createuser, del, enabled, remark, updatetime, updateuser, version, click, enabletoggle, icon, name, scale, sort, url, ts_module_id) values ('40288f7b560bf49301560bf4aeb80002', '2016/07/21 13:29:49', 'admin', 0, 1, null, null, null, null, 'onSave', 0, 'save-button', '保存', 'large', 3, 'save_role', '40288f7b560b770201560b7896130000');
insert into TS_FUN (id, createtime, createuser, del, enabled, remark, updatetime, updateuser, version, click, enabletoggle, icon, name, scale, sort, url, ts_module_id) values ('40288f7b560bf49301560bf4aeb90003', '2016/07/21 13:28:06', 'admin', 0, 1, null, '2016/07/21 13:38:23', 'admin', null, 'onAdd', 0, 'add-button', '新增', 'large', 0, null, '40288f7b560b770201560b7896130000');
insert into TS_FUN (id, createtime, createuser, del, enabled, remark, updatetime, updateuser, version, click, enabletoggle, icon, name, scale, sort, url, ts_module_id) values ('2c90826d56e322900156e39647af0000', '2016/09/01 10:30:53', 'admin', 0, 1, null, null, null, null, 'onEdit', 1, 'edit-button', '修改', 'large', 1, null, '40288f7b55e20b8c0155e3738695000e');
insert into TS_FUN (id, createtime, createuser, del, enabled, remark, updatetime, updateuser, version, click, enabletoggle, icon, name, scale, sort, url, ts_module_id) values ('2c9082015779a6d7015779ad70e20020', '2016/09/30 13:58:54', 'admin', 0, 1, null, null, null, null, 'onQuery', 0, 'query-button', '查询', 'large', 0, 'find_SessionLog', '2c90820157790f6c01577911dcbd0009');
insert into T_USER_FUN (tm_user_id, ts_fun_id) values ('40288f7e5493ca70015493caadcf0002', '40288f7e5493c554015493c5b28b0005');
insert into T_USER_FUN (tm_user_id, ts_fun_id) values ('40288f7e5493ca70015493caadcf0002', '40288f7e5493c554015493c5b28c0007');
insert into T_USER_FUN (tm_user_id, ts_fun_id) values ('40288f7e5493ca70015493caadcf0002', '40288f7e5493c554015493c5b28c0008');
insert into T_USER_FUN (tm_user_id, ts_fun_id) values ('40288f7e5493ca70015493caadcf0002', '40288f7e5493c554015493c5b28f0009');
insert into T_USER_FUN (tm_user_id, ts_fun_id) values ('40288f7e5493ca70015493caadcf0002', '40288f7e5493c554015493c5b28d000a');
insert into T_USER_FUN (tm_user_id, ts_fun_id) values ('40288f7e5493ca70015493caadcf0002', '40288f7e5493c554015493c5b28c000b');
insert into T_USER_FUN (tm_user_id, ts_fun_id) values ('40288f7e5493ca70015493caadcf0002', '40288f7e5493c554015493c5b28d000c');
insert into T_USER_FUN (tm_user_id, ts_fun_id) values ('40288f7e5493ca70015493caadcf0002', '40288f7e5493c554015493c5b28d000d');
insert into T_USER_FUN (tm_user_id, ts_fun_id) values ('40288f7e5493ca70015493caadcf0002', '40288f7e5493c554015493c5b28b000e');
insert into T_USER_FUN (tm_user_id, ts_fun_id) values ('40288f7e5493ca70015493caadcf0002', '40288f7e5493c554015493c5b28c0011');
insert into T_USER_FUN (tm_user_id, ts_fun_id) values ('40288f7e5493ca70015493caadcf0002', '40288f7e5493c554015493c5b28f0013');
insert into T_USER_FUN (tm_user_id, ts_fun_id) values ('40288f7e5493ca70015493caadcf0002', '40288f7e5493c554015493c5b28d0014');
insert into T_USER_FUN (tm_user_id, ts_fun_id) values ('40288f7e5493ca70015493caadcf0002', '40288f7e5493c554015493c5b28c0015');
insert into T_USER_FUN (tm_user_id, ts_fun_id) values ('40288f7e5493ca70015493caadcf0002', '40288f7e5493c554015493c5b28d0016');
insert into T_USER_FUN (tm_user_id, ts_fun_id) values ('40288f7e5493ca70015493caadcf0002', '40288f7e5493c554015493c5b28d0017');
insert into T_USER_FUN (tm_user_id, ts_fun_id) values ('40288f7e5493ca70015493caadcf0002', '40288f7e5493c554015493c5b28b0018');
insert into T_USER_FUN (tm_user_id, ts_fun_id) values ('40288f7e5493ca70015493caadcf0002', '40288f7e5493c554015493c5b28c001a');
insert into T_USER_FUN (tm_user_id, ts_fun_id) values ('40288f7e5493ca70015493caadcf0002', '40288f7e5493c554015493c5b28c001b');
insert into T_USER_FUN (tm_user_id, ts_fun_id) values ('40288f7e5493ca70015493caadcf0002', '40288f7e5493c554015493c5b28f001c');
insert into T_USER_FUN (tm_user_id, ts_fun_id) values ('40288f7e5493ca70015493caadcf0002', '40288f7e5493c554015493c5b28d001d');
insert into T_USER_FUN (tm_user_id, ts_fun_id) values ('40288f7e5493ca70015493caadcf0002', '40288f7e5493c554015493c5b28d001e');
insert into T_USER_FUN (tm_user_id, ts_fun_id) values ('40288f7e5493ca70015493caadcf0002', '40288f7e5493c554015493c5b28c0012');
insert into T_USER_FUN (tm_user_id, ts_fun_id) values ('40288f7e5493ca70015493caadcf0002', '40288f7e5493c554015493c5b28c0006');
insert into T_USER_FUN (tm_user_id, ts_fun_id) values ('40288f7e5493ca70015493caadcf0002', '40288f7e5493c554015493c5b28b001f');
insert into T_USER_FUN (tm_user_id, ts_fun_id) values ('40288f7e5493ca70015493caadcf0002', '40288f7e5493c554015493c5b28c0100');
insert into T_USER_FUN (tm_user_id, ts_fun_id) values ('40288f7e5493ca70015493caadcf0002', '40288f7e5493c554015493c5b28f0101');
insert into T_USER_FUN (tm_user_id, ts_fun_id) values ('40288f7e5493ca70015493caadcf0002', '40288f7e5493c554015493c5b28c0010');
insert into T_USER_FUN (tm_user_id, ts_fun_id) values ('40288f7e5493ca70015493caadcf0002', '40288f7b56071e3301560726193e0000');
insert into T_USER_FUN (tm_user_id, ts_fun_id) values ('40288f7e5493ca70015493caadcf0002', '40288f7b560b7b2f01560b7c249d0000');
insert into T_USER_FUN (tm_user_id, ts_fun_id) values ('40288f7e5493ca70015493caadcf0002', '40288f7b560bf49301560bf4ae900000');
insert into T_USER_FUN (tm_user_id, ts_fun_id) values ('40288f7e5493ca70015493caadcf0002', '40288f7b560bf49301560bf4aeb80001');
insert into T_USER_FUN (tm_user_id, ts_fun_id) values ('40288f7e5493ca70015493caadcf0002', '40288f7b560bf49301560bf4aeb80002');
insert into T_USER_FUN (tm_user_id, ts_fun_id) values ('40288f7e5493ca70015493caadcf0002', '40288f7b560bf49301560bf4aeb90003');
insert into T_USER_FUN (tm_user_id, ts_fun_id) values ('40288f7e5493ca70015493caadcf0002', '40288f7b561031f5015610399d5f0001');
insert into T_USER_FUN (tm_user_id, ts_fun_id) values ('40288f7e5493ca70015493caadcf0002', '40288f7e5493c554015493c5b28c0102');
insert into T_USER_FUN (tm_user_id, ts_fun_id) values ('40288f7e5493ca70015493caadcf0002', '2c90826d56e322900156e39647af0000');
insert into T_USER_FUN (tm_user_id, ts_fun_id) values ('40288f7e5493ca70015493caadcf0002', '2c9082015779a6d7015779ad70e20020');